id,opinion_0,opinion_1,opinion_2
0.0,0.7180335549354147,-0.3053939238751895,0.10102841165384313
1.0,0.9632907191137299,-0.5196004048849443,-0.2386491146221532
2.0,0.7002413612971385,-0.15541183989812035,0.3915672041242457
3.0,0.8447978224899484,-0.31553402920487916,-0.15610542771088354
4.0,-0.44223175924621305,-0.969099225718834,0.3329950906438879
5.0,0.872761440852547,0.6394114915768714,0.7654738972811754
6.0,0.4757606602267972,0.7519437716978374,-0.1645949531965203
7.0,-0.9582836976404614,-0.5535262693350984,-0.5900280960048983
8.0,0.5907570213801445,-0.9244058604440382,0.3296148056753285
9.0,-0.7381142898018354,-0.6832812115286049,0.21748538090059633
10.0,0.39062194096962366,0.7375811445547642,-0.060890536729838685
11.0,0.8756151607953908,-0.4904896414217075,0.8634565249537678
12.0,0.8606701058465325,0.5172878204660338,0.5936997899948777
13.0,0.28552094470357603,-0.45774739710114143,0.44172158623171587
14.0,-0.6699989402414344,-0.14680195587536304,0.9371016231760518
15.0,-0.3844173972925651,-0.6560933620928302,-0.7624559311190289
16.0,-0.09227177647235907,-0.38477538844814996,0.11727735434198805
17.0,0.9461464946442,-0.24740863695502702,-0.8480065698304438
18.0,-0.6838565673548482,-0.5806904665267238,0.4102424613539819
19.0,-0.858098986279469,0.6623852292095063,-0.0392940833574138
20.0,-0.4099033211614551,-0.6513490495518992,-0.6847589380264107
21.0,0.5375500606307808,0.30413676548259816,0.04637549203783631
22.0,-0.9484430157300348,-0.848627829285878,0.6740122788657057
23.0,0.2527773662304147,-0.7947597193221803,-0.5405250708773841
24.0,-0.010337021842949268,-0.7972445592569,0.875316628427401
25.0,-0.8458808689696942,-0.1412745882379487,-0.7382764742533914
26.0,0.20445037210343053,-0.011344193556164894,-0.7851679883243765
27.0,0.6023824777543334,-0.1967670320054753,0.034220446006631766
28.0,-0.06590718612252355,0.4812332679949112,0.6366718057677132
29.0,0.8406928770141597,-0.5790350245179741,0.36565802302643435
30.0,0.2674899773569006,0.0884931013919934,-0.3388119370934537
31.0,0.4772259944811199,-0.14559004486696492,0.8942265144345884
32.0,0.030263760303229414,0.4301724367821256,0.6695042808599312
33.0,0.40937139265792566,0.9797620458907728,0.19473103169613903
34.0,0.5914181630161073,0.5865236792274413,-0.5531604750466168
35.0,-0.5863759005819236,-0.8646156862103949,-0.7821776650153642
36.0,0.4709108867743137,0.3290529370876216,0.42706339619140676
37.0,-0.29533920720691786,0.7195515982682383,0.031123586470378273
38.0,0.7853515003229541,-0.9587959157295485,-0.3229184120007571
39.0,-0.9270275089012114,-0.5814668518383339,-0.008128587529386389
40.0,0.18426039426069973,-0.7852523833827454,-0.2947178773603829
41.0,0.7252675809959424,0.650769135621732,-0.5995731263105752
42.0,-0.3806382566975517,0.36182510558825287,-0.306948207837495
43.0,0.8435606399026163,0.21723202938594333,0.3173669762193687
44.0,0.435355425311047,-0.2996270452894363,-0.1698823046021658
45.0,-0.21653557751494024,-0.9093223638752475,-0.5747290651394243
46.0,-0.10402488746142913,0.1994550230729395,0.9608195087983342
47.0,-0.5499980065829602,-0.8076605445618226,-0.45131866676863774
48.0,-0.5960023031988282,0.272041363441452,0.33846830039217335
49.0,0.9500436278802413,-0.4269651841089639,0.6899159476094563
50.0,0.17497734872483495,0.44296688218484626,-0.7957570804903462
51.0,0.8882116552786519,0.8740613333240494,0.580860603418893
52.0,-0.37248384401509127,-0.1753752443547767,-0.6867508971653435
53.0,0.9929549110648972,0.09269840121133743,-0.41956483873605177
54.0,-0.9359547047546755,-0.11520114781683599,-0.4088295453665278
55.0,-0.5994636106989015,0.6331677129715441,0.9034114464216916
56.0,-0.7482451437439426,0.10132756527733067,0.27785638133212154
57.0,0.6106181856910184,0.27948885184636585,-0.08864182289190592
58.0,0.07418492166984092,0.6174151115772146,-0.9308022266492784
59.0,0.6524547920707477,-0.42245190110108743,0.40400499316866645
60.0,0.8542752321694207,0.8769637041760299,0.544682868553277
61.0,-0.4211656467550211,0.6988679321870324,-0.04739192190370711
62.0,0.22410109711853776,0.7997567244770221,-0.5422695719403461
63.0,-0.9130425723003022,-0.16956084898923662,0.895477054979352
64.0,-0.7370981873352092,0.050354954869840984,0.265375923717005
65.0,0.780462013275198,0.6139892289690354,0.7947757218965787
66.0,0.384993571205976,-0.6328657760041632,-0.3495582105322743
67.0,0.42606538342437217,-0.34887280325085723,0.4560073884791789
68.0,0.19677872830510457,0.18866957049516464,-0.9931356271066991
69.0,-0.4087281639113918,0.9634372156655602,-0.5704071615154658
70.0,0.10880863632889382,-0.5067033682871749,0.4328851718290738
71.0,-0.8193738398846633,0.8993302301409982,-0.18238417217898428
72.0,-0.9388742472236529,0.6385753585563922,-0.9263076578446032
73.0,-0.35924741769714164,0.48433675508571095,-0.4671332775629309
74.0,0.11378780546018441,-0.37740763556601564,0.30907616082493705
75.0,-0.16048456429232005,0.15397334285285313,-0.27595645201792873
76.0,0.4117661000676478,-0.3929186670917948,-0.2310132946455825
77.0,-0.0006819928902732642,-0.9998382320462653,-0.48909031050095364
78.0,0.5906350922295893,-0.7211626520590291,-0.7065018807660528
79.0,0.5275384208402514,-0.9480304347003783,0.42174156932172213
80.0,0.6116970285099574,-0.5752309063261858,-0.7336435304234699
81.0,0.6814961680886917,0.008149770726153749,-0.32855337707993115
82.0,0.5422128131812263,-0.1845429417343536,0.46642357713412563
83.0,-0.89484619702105,-0.03385824815368643,0.9263723366096515
84.0,-0.3462061451964986,-0.25580003618747926,0.8199582032525949
85.0,0.0952940227901089,-0.2113537447990108,0.9726411705292155
86.0,-0.3571537264488609,0.976867820947863,-0.9526819835650615
87.0,-0.6539300945378064,0.18985168575056233,-0.8424173967490713
88.0,0.307087426569125,-0.46427669469220034,-0.27919465473614946
89.0,-0.6312580848757909,-0.2082626876908893,-0.990941775370501
90.0,-0.8615569277917869,-0.3212247591086572,-0.8666523168167168
91.0,0.21964044026879548,-0.026242063585926623,0.33317402402559537
92.0,-0.8501028295822439,0.7956474067463841,-0.8414829726288153
93.0,-0.9827075148656064,-0.550541482204737,-0.8407459248562759
94.0,-0.947657728188849,-0.09872788075445427,-0.6205807731333983
95.0,-0.264459017620122,0.402177976801138,0.7284479607014733
96.0,0.4766511742904398,0.9148355880127881,-0.5591074525880939
97.0,-0.15586583623282957,0.12700009152305047,0.20456660876558908
98.0,-0.7002247781072193,-0.7848704105991184,-0.32897283101358954
99.0,0.7526465827283824,-0.885570529110534,-0.13251154905398943
100.0,-0.32034154698925943,-0.41042355602197533,0.9888976223917378
101.0,-0.2831627391481091,-0.8713126998821425,-0.6506325362049479
102.0,-0.39388889791067117,-0.9889370301067115,-0.08730020798074412
103.0,0.7787115082573446,-0.7403405152463478,0.0034371260485548394
104.0,0.5324882006661638,0.44106736377655054,-0.35795953421169036
105.0,-0.9596173728811594,0.984895426231398,-0.37091884744423487
106.0,0.6139367623289649,-0.9084725169614412,0.7164888644952285
107.0,0.3805907483456421,0.9576283849430862,0.7574662384324413
108.0,0.8587685932046154,0.9133210865967123,-0.6749828630141923
109.0,0.3254813559302563,-0.20337116018142187,0.1292342377843929
110.0,-0.6318341208974434,0.4875384322105927,0.683237273487842
111.0,0.3836686022636424,0.875298697419773,-0.48133255150941756
112.0,-0.6116317727864824,-0.6006482753680809,-0.37637897611248317
113.0,0.9955047251026032,-0.7175641263817711,0.8110327209848991
114.0,0.5418102022175244,-0.7000527821440183,-0.30020806650975507
115.0,0.10489826367698174,0.5363177838082851,-0.4595224542191336
116.0,0.8228557208738441,0.8667346045521533,-0.15539750025127708
117.0,-0.8346270985007791,-0.9794209436966368,-0.10041617831933713
118.0,-0.21360730655688887,0.8764383926293238,0.24879420648678519
119.0,-0.6186742631565447,0.8731028948298754,0.28660381214041797
120.0,0.4199039869362431,-0.20707356458174608,-0.5750781908004525
121.0,-0.7227523884479379,-0.7262394593575345,0.5038154439829494
122.0,0.20230262951617073,0.7286112667711941,0.37173878360868473
123.0,0.9626761645982549,-0.8217633843511913,-0.15660077036284492
124.0,-0.6524699522576807,0.1331414222777232,0.27650667335805723
125.0,0.7056859285609094,0.5218890580018671,0.2243326811103794
126.0,-0.6277261422287683,-0.29507056628655937,-0.3057997138176529
127.0,-0.3011506525893095,0.4605604967318244,-0.8340670901440421
128.0,0.6602170191253134,-0.06856702993688124,-0.006414873797615961
129.0,-0.9898480644285759,-0.7386660574314539,0.9994671623929665
130.0,-0.5791698060672035,-0.042580271119780466,-0.323093770022008
131.0,-0.03752201659078902,0.3941988049037348,0.8756617254404342
132.0,0.7428284932445008,0.7361871589894424,-0.44175029867367765
133.0,0.32552506987486063,0.9754391391270778,-0.570569926996608
134.0,0.8277441376339663,-0.6594728090235122,-0.35955255692336974
135.0,0.9353676409023828,-0.03954143264164567,0.8888100617087042
136.0,0.39523193514546984,0.9908228318696626,0.9723805736955455
137.0,-0.8589089980932387,0.5039894109834973,0.021299000605779606
138.0,-0.6661991488153378,-0.8004084475741591,0.5696023805548824
139.0,-0.4586294505603996,-0.9970593838918722,-0.6761393417262191
140.0,0.05431360517598294,-0.3355093780586107,-0.3251821124862857
141.0,0.5257422071376863,0.9771909880793883,-0.45006958047324797
142.0,0.8430485365956208,0.6579139040192155,-0.17350964771170108
143.0,0.7206074963711986,-0.7471553301472749,-0.3329868897221355
144.0,-0.08059206862689505,-0.6604509773416856,0.6964914456716877
145.0,0.8729114261409319,0.11712125729462808,-0.8859618720712765
146.0,-0.37532476680466575,0.046087050959281006,-0.758078612346679
147.0,0.9971749067167126,0.8090102308694089,-0.48226796886627277
148.0,-0.5368478924191862,0.47258996502647,0.8922581866154937
149.0,0.30734866692790885,-0.7164993330875786,-0.14502720254268775
150.0,-0.09047782706720575,-0.7877707958521016,-0.28026423135825373
151.0,-0.04773423257444187,0.7840855221943863,-0.1308169550915761
152.0,-0.7285738087245079,-0.3595298802468154,-0.18299897014581945
153.0,-0.7463460858206332,-0.6688083303281569,-0.3307488308270923
154.0,0.03972810120106618,-0.6234823763147765,-0.7477843779915765
155.0,0.09945345102733438,-0.3523060838076588,-0.008628318388406386
156.0,-0.8587951042232047,0.7607243736898863,-0.27208612902377305
157.0,-0.2657782807066347,0.9751508582760553,-0.6871784796308462
158.0,0.1953152096223627,-0.03057470968243492,0.7696788083361945
159.0,0.9098483181901365,0.3432449471568597,-0.20654257898328798
160.0,-0.884659641617012,0.49618982449474447,0.15835584288715676
161.0,0.7231174836557157,0.33926713304399714,-0.6681145524093115
162.0,-0.12100882895254661,-0.07899487077016065,-0.8936009331765804
163.0,0.9783500158875713,-0.686007316909506,-0.6604132473299644
164.0,-0.29860635836985594,0.2184234158256213,-0.7670661559371974
165.0,-0.9642939880012447,-0.7394169530453758,0.6796249771334752
166.0,-0.09638063191249757,-0.6184431545432174,-0.5612411755515503
167.0,0.8120289496086168,0.6857064926051111,-0.2000212931933243
168.0,0.5260628622860386,-0.8982294266024706,-0.15951746724904492
169.0,-0.5348011518972449,-0.5878649341049811,-0.012118247178171337
170.0,-0.20582044324185134,-0.4472926153482695,-0.4598700246823004
171.0,-0.5614573763372983,0.7676705662688934,0.1714114794053807
172.0,-0.7793481220523624,0.18368950028312003,0.6217309173238923
173.0,-0.6906944069719465,0.33747741083924176,0.8070108814163164
174.0,0.09550024622604836,0.5287349623549931,-0.6300966134541561
175.0,0.8776748198729125,0.824091029643558,-0.09436756892307185
176.0,0.36432486527372654,0.07679679995631283,0.7331412913187141
177.0,0.025857624084681063,0.6120099580472611,0.9897641454106321
178.0,0.9578013291851901,0.17021822962037514,0.48453973289913455
179.0,-0.18336692798906085,-0.656231596735698,-0.103041305913113
180.0,0.8295570816304063,-0.2115463416527419,-0.23005511789001254
181.0,0.03662897398085119,0.35341577844786,0.18350954447986378
182.0,-0.8099171057753356,-0.25466921370535767,-0.7331696397124805
183.0,-0.4276465128657012,-0.5074115876830974,-0.3698042305746283
184.0,0.9552600384546341,0.8759513686028781,0.5523847146402212
185.0,0.45281565917448385,0.7834200395869557,0.6375014862632185
186.0,0.18303949092322513,-0.7225929277448315,0.5589050603012446
187.0,-0.23892489748939894,0.4702840750161841,0.827422767162524
188.0,0.8230024987945541,-0.22036838264128833,0.08624627534409779
189.0,-0.27156134352079797,-0.9894447980483378,-0.7594274463308661
190.0,-0.02608047525225632,-0.050453207378196474,0.0013527589296438158
191.0,-0.47378956396697136,0.7312557490591849,0.7568149414432273
192.0,-0.5448150646576382,0.6207588725797271,-0.6385929756946658
193.0,-0.31062385918464974,0.5996112918179846,0.10691652824229969
194.0,0.8612927270757338,0.2564193687904095,0.6055286934291839
195.0,-0.7185330194816697,-0.12045471799723528,0.7014021382722337
196.0,-0.14987137267517947,-0.9178091572993674,0.2910972437566173
197.0,-0.45105752021049694,0.898769099345671,-0.5840528097861204
198.0,-0.9151514660439377,0.9004781622615639,0.3056258792121933
199.0,-0.3635159933696779,0.4187725032997198,-0.22173020380121677
200.0,0.43497790231371036,-0.7777006898624783,0.5012552738563685
201.0,0.7232574110297654,-0.838321989936198,-0.6914286472461735
202.0,-0.47938261035768126,0.9760962765331176,0.039640266581098205
203.0,-0.9978169677356217,-0.996198108374378,-0.5072797270286711
204.0,-0.4575144073383275,0.15928251812751926,-0.8217580176071966
205.0,-0.5845988547316303,0.000688914212295888,0.8945051020128034
206.0,0.5701583891294719,-0.9663171032816353,-0.4981462989395835
207.0,-0.7835581843969608,-0.8488017614662531,0.8218652763292229
208.0,-0.2037994451998102,-0.6608740814039062,-0.9348382167735998
209.0,-0.7045609718182859,-0.1605925659659344,0.787464708349839
210.0,-0.8637010713785698,-0.784339691173976,-0.23812037092400518
211.0,0.29916651428557706,-0.31230066831058334,-0.6862215606798303
212.0,-0.05896634411420432,0.35774409522710204,-0.41790970397543115
213.0,-0.5845163187841254,0.989126606703878,-0.2890232630263554
214.0,0.6573382330009514,0.23401987130126223,0.6779548575529557
215.0,-0.46232997834095935,0.6753344546129842,-0.8608175621837015
216.0,-0.9683427375857427,0.8441824377735796,-0.3193668928250475
217.0,-0.038979959525276664,-0.2523059130468355,-0.32391906803108506
218.0,-0.05627552538420533,0.11971121787154937,0.29747385055011044
219.0,0.4148235980752055,-0.3951942507318491,-0.1520412838765346
220.0,0.05503499745415952,0.6125317663305887,0.5229551975143736
221.0,-0.9941168024073233,-0.25177552240266743,-0.5716853190590994
222.0,-0.9857580580940974,0.3703704225132738,0.9749655704837805
223.0,-0.20345144558133366,-0.4586644121811383,0.08570709391199927
224.0,0.16535735581453426,0.03802380865986299,0.999565003308106
225.0,-0.009588486789565698,-0.0823415088085242,0.2919098421948614
226.0,-0.6438169294854097,-0.3357104290710655,0.9838803826766609
227.0,0.7211208404546887,-0.6836355339697124,-0.8430226502997697
228.0,-0.11871172832804344,-0.21503253923921806,0.11825045704698178
229.0,0.8258198691449983,0.11895804881425609,-0.7850665495895899
230.0,-0.8232826714709844,-0.4037600295395458,-0.16088704647565621
231.0,0.6302814108345676,0.31834077497212165,-0.848197470871775
232.0,-0.8676552076829651,0.23915497043380896,0.664406595847691
233.0,-0.6511098648356006,-0.8631871118619308,-0.8224747877743515
234.0,-0.16304257080592754,0.8325634106061173,-0.738639937188351
235.0,-0.7979938086334482,-0.49136191098772364,0.23033403142171993
236.0,0.5307437988316752,0.42130557999371043,0.5361854894629781
237.0,0.6603547843616715,-0.0961598969716091,0.5027433626652966
238.0,0.4432727556465892,0.5267400155409865,-0.5664964591564812
239.0,0.8215118231384615,0.8245672297920708,0.06577637202491782
240.0,0.056377787885056874,-0.5219391168001368,-0.6150875748599594
241.0,0.6362152705484563,-0.3015823863582905,0.2865179381025784
242.0,0.7693751052808664,-0.1767835279163723,0.6120114840281923
243.0,0.2175431393600138,-0.037505530893397365,0.39102727688011285
244.0,-0.9230650874800674,-0.7396324913379371,0.8126612874070402
245.0,0.37385178643822425,-0.2487552950618166,-0.48943497055353036
246.0,0.14549658179707037,0.09826510321376669,0.931465803938283
247.0,0.015216297961214487,0.3107674896578285,-0.021866592052728118
248.0,0.0432163461226871,-0.27667418440306557,-0.0009470971426663866
249.0,0.8349365282613588,0.6174998456371303,0.23239913692359448
250.0,-0.07339824237013004,0.6909306535650128,0.16645358568603097
251.0,-0.9645265861528689,0.7102249432815417,0.4489836219598531
252.0,-0.2127334685160942,-0.760729252535143,0.377683677862235
253.0,0.4833393732700697,0.8134860713460841,0.0542508530508492
254.0,-0.09432406199278587,0.18173055861599385,-0.9872581703474117
255.0,-0.8167831367028879,0.8325409766545047,-0.5245715158795323
256.0,-0.2052583102365919,-0.9378463682804732,-0.8629861835028538
257.0,0.3783854603089081,-0.06357290745859046,0.9527168363380827
258.0,-0.533432320112234,0.7852219639326112,0.01681492392753059
259.0,-0.22348842707902628,-0.4238547712836398,0.8672377051463656
260.0,-0.765813190191059,-0.44409750304084117,-0.2879509268126621
261.0,0.6828064730855308,-0.022303481043196127,-0.6227082246183158
262.0,-0.4590419084473898,-0.9500255884009476,0.6323380916700172
263.0,-0.5073148821545483,0.7972517658359559,0.738550224255736
264.0,0.20583404889344337,0.5957019241526149,-0.9094221591170011
265.0,-0.06079548449635985,0.47649264210161313,0.7070980941776555
266.0,-0.5200451411856233,0.5877010631619677,0.3408359225990514
267.0,0.4850483791356621,0.38381253588663866,0.628239270006139
268.0,-0.06764504897976709,-0.4372690638553669,0.29127660428917634
269.0,-0.11762774484088578,-0.32189173578844654,0.074998858577908
270.0,0.8579953513223639,0.20109591654760028,0.43084625294357504
271.0,0.1733315855487665,0.8219826714589571,-0.7150683673564586
272.0,-0.24836897112659528,-0.09295067351706465,0.6432225882407103
273.0,-0.05303476329449208,0.9056988251337939,0.4107635202506681
274.0,-0.6233547616036879,-0.3558132122871873,0.29117412500354556
275.0,-0.6677857398190055,-0.036481784586273935,-0.1311647221158896
276.0,0.8891292411739227,-0.9909608304410047,-0.5136902407357573
277.0,0.09936708251825954,0.26219530675995406,-0.7368771026718333
278.0,-0.0908249990650043,0.8267392182483422,0.12160532940053104
279.0,-0.2851782250487136,-0.3184265357253586,-0.3374014617224086
280.0,0.19523354489662048,0.9283369749423027,-0.07511658775692331
281.0,0.25888817116106244,-0.0005815454775024431,-0.9891369059700779
282.0,0.9242498180690433,-0.015699082445744805,0.5445698101632155
283.0,0.3941651118664218,0.37178639871378905,0.7928517277508917
284.0,-0.0025629383404202066,-0.3427845699277827,0.9577230105326526
285.0,0.7610805430885652,0.5976082596768968,-0.686332209968366
286.0,-0.6755311339324173,0.023947197219280625,-0.7520685802684901
287.0,-0.994576248806289,0.4287636792701024,0.8592047672948053
288.0,0.14678838765096236,-0.05877304958250629,-0.2523701974355832
289.0,-0.11404164339526157,0.7304929107266072,-0.11702412300958076
290.0,0.01930214162549171,0.25474690292134783,-0.14939432063641034
291.0,0.7410716962251469,0.4771888912444937,-0.02349142450511499
292.0,-0.94846495314084,-0.13907628260029092,0.9640341442387574
293.0,-0.6412048966587691,0.9933039090203446,-0.35462857404933934
294.0,0.6337786060013708,0.089148107196662,-0.3406792533425951
295.0,0.09866847587524075,-0.46716853241644873,-0.8755149391877894
296.0,-0.461359020108147,0.4516448370055275,0.3633806804998363
297.0,0.1574951607479662,0.5455709614117437,-0.3653776176857839
298.0,0.8846462714230803,-0.7051866856206817,-0.6075412836428102
299.0,0.22191995700418032,0.20224414414709413,0.49377775231514764
300.0,0.7689308751862529,0.42412273449218674,-0.9494572557476935
301.0,-0.8847765634142324,-0.9789985531336158,-0.389122842601791
302.0,-0.4029989811780075,0.4754378596820794,-0.752860047069811
303.0,0.45060418403523106,0.5025593658629601,-0.2319116278487252
304.0,-0.7038623632565442,0.010781262693216664,-0.2919271788051607
305.0,0.3423155263193993,0.5083770980054845,-0.7145190708687998
306.0,0.0845386928576215,0.16958476891347196,0.9414274127396478
307.0,-0.8338806343306351,-0.9254704404458607,-0.3051998227141557
308.0,0.6494257610012624,0.9255983034152426,0.18959415923784184
309.0,-0.20405852088255183,0.35726470787152875,-0.03222051122074876
310.0,0.46580587550040065,0.7559141367443747,-0.416901710869225
311.0,-0.025811332669473774,0.8348067910848764,0.21872863049598545
312.0,-0.37436295846980316,-0.4596367974423554,0.53853016163912
313.0,0.9083005703585163,-0.5123552277465548,-0.568075577178377
314.0,0.7147745117017652,0.6356289288997621,0.038147834994608054
315.0,-0.09662014310377476,-0.11587286905846028,0.2884661589780366
316.0,-0.6114384034348039,-0.5602407501217517,0.357752760653558
317.0,0.36710343586513683,0.36208993085735086,0.4685937210005928
318.0,0.8844949300758358,0.6098835551991084,0.5765363091386573
319.0,-0.3614913833511897,-0.8384510467277673,0.2526593386307472
320.0,0.694211801416617,0.428458444874525,0.04931695865032304
321.0,0.5794373871099636,0.8327555519231047,0.06659452023991475
322.0,0.6937043375738527,0.30341788237259104,0.239586715813207
323.0,-0.6190303161561623,-0.5265890181871498,-0.834323546371168
324.0,-0.173694397516019,-0.40564494578876054,0.3822420496502521
325.0,0.8863270745010494,0.30921097942839104,0.9559981408550322
326.0,-0.9601182294031159,-0.787445583714623,0.11273521334455694
327.0,-0.06923270037887419,-0.21105426958187912,0.39833367306844436
328.0,-0.5610114203620944,-0.02550716510880302,0.04470821374379841
329.0,0.4985936953507093,0.6967527505227005,0.22458966277517178
330.0,-0.04824641485164971,-0.1539956073913853,-0.2902413303850968
331.0,-0.45114762924057916,0.9466814179550678,-0.8658091800593797
332.0,0.276289774799217,0.39511038940797505,-0.5608403085358635
333.0,0.7614559303791593,-0.20758171695560645,0.22461671355520663
334.0,0.12467660716294393,0.49776740578319956,0.2942852040147974
335.0,0.660687323334413,-0.7994973997091972,-0.2836112184582864
336.0,0.2614709468730734,-0.8491586613140891,-0.9772968606524177
337.0,-0.5052448127514622,0.45316555933221925,0.6138788451720929
338.0,-0.5282610693446144,0.18521442494930107,0.1879017142760009
339.0,-0.6963061079268724,0.6972339421665592,0.7205217476904757
340.0,-0.08276093636381265,0.5313367747672488,0.17264843223119364
341.0,0.9946045327334456,-0.17224190186273813,-0.4743560389651904
342.0,-0.08348259486914467,-0.1822157541220566,0.5716193635718223
343.0,-0.18881402538552639,-0.12032380579786972,-0.34837010492885456
344.0,-0.9191109095892052,-0.2546903716398845,0.397132710081334
345.0,-0.00499971197889959,0.36612438085986976,0.4246282101525949
346.0,-0.7105125025096799,0.297974593983511,-0.7852806963529246
347.0,0.5235961029674217,0.49389657977273904,-0.08993436417603617
348.0,-0.9981170299731232,0.2442945837141186,-0.900852893862397
349.0,-0.8777774073857751,-0.05354040006131644,-0.26791525205917965
350.0,0.3006345238460182,-0.23837083890443234,-0.4727164233642638
351.0,0.5791212332616913,-0.4135738902621351,0.7162834611235485
352.0,0.4110882568377343,-0.7892525703910931,-0.8788663316433776
353.0,-0.09068808980656118,0.06727149661578324,0.47871326682018345
354.0,0.04298567208300286,0.8229327979840424,0.47970315799526064
355.0,-0.6644987154248372,0.88084988430877,-0.5763401843080638
356.0,-0.8847887663413971,-0.3321027365104552,0.9127722741541069
357.0,-0.9394302297118575,-0.3806134930527709,-0.038780777684053636
358.0,0.33466160618637164,-0.09669990922537886,-0.5109903151725201
359.0,-0.8015089003207048,0.0767661570189957,-0.08961922607997819
360.0,0.9721110903771424,0.9433820500329217,0.19832431483414892
361.0,-0.4274665675325655,-0.4847637894025749,-0.9903844610146779
362.0,-0.8339192342802457,-0.17926455004916408,-0.3712654910141078
363.0,-0.20274422374464085,0.10857912249338919,-0.8842052562945886
364.0,-0.9407854515476928,-0.6881538451584164,-0.44987587707724286
365.0,-0.27834863787459296,0.5096895825948198,-0.43134017146123527
366.0,-0.7089159810904577,0.7570720858950462,0.49032077952426945
367.0,0.10065590342705599,-0.8174239484859014,-0.659106005726741
368.0,0.6133912317049821,0.10354548283264076,-0.6599674787250485
369.0,-0.7331961455131679,0.9220499545590111,-0.8540579094435974
370.0,-0.6779237437064285,-0.08650832775379014,-0.4519276160485428
371.0,-0.7107638300812049,-0.10521368650282259,0.13272929186889493
372.0,0.6763507722681183,-0.7065042317861623,-0.38011986230133576
373.0,-0.19118430185254054,-0.08120805947041321,-0.10835774430028922
374.0,-0.3899425151866651,-0.5383043513180941,0.20784564590995647
375.0,0.21298884293313258,0.7651499196170297,0.9850630848205337
376.0,-0.9940341175149938,-0.3443111218197503,0.7172609360735231
377.0,-0.8433675161009364,0.2367234087040071,-0.09636953998405295
378.0,-0.9960290615925893,-0.26728200080975517,0.8935848624143357
379.0,-0.1082169628065075,-0.4951609743493801,-0.8780938336153306
380.0,-0.9695681692703848,0.009749311865693278,-0.027050416773545027
381.0,-0.8106571908675471,-0.11841732157230278,-0.2866131181217737
382.0,-0.06752293026411071,-0.05284350027607454,-0.9272601420998559
383.0,0.045080068996313116,0.38700780303933113,0.16850067855739814
384.0,0.12981745021335844,-0.766347161694781,0.3781591920901546
385.0,-0.615733441359293,-0.6331685264938753,0.811409996330362
386.0,-0.9833373678999016,0.2582052575350058,-0.5104604517475437
387.0,-0.0035173387900007125,-0.14024165468533023,-0.7755988493187167
388.0,0.723716388500117,-0.9237409300913852,0.3140012303842423
389.0,0.09560054718163258,0.22655872776479868,-0.4063807558119359
390.0,-0.5359015828228151,-0.07939953959650659,0.6858275836082037
391.0,0.10008858146993549,-0.6111948101837532,0.954665394638732
392.0,0.8899200895881403,0.6676684570705198,-0.9857101753131559
393.0,-0.9237637962807037,-0.9232043324441834,-0.2800303048732007
394.0,-0.8676425507610912,-0.7525611749512722,0.28046256905949507
395.0,-0.24816896936041655,0.20070900095971944,-0.44141843566596184
396.0,0.6572586590129579,-0.8989275735860662,-0.6153734955755064
397.0,-0.7382053269052902,0.30518311945587806,-0.8958831699792305
398.0,0.7075432109231321,0.8055580508223381,0.0569563201165062
399.0,0.73494474821771,-0.3819683031192471,0.5353166642245593
400.0,-0.795356036301937,-0.02502957080363033,-0.9574254146453349
401.0,0.2781570042384869,-0.8651787743869499,-0.7498269098438484
402.0,0.8798761269273241,-0.706138465814429,0.4207488810782436
403.0,-0.5729186466351301,0.6185655276470363,0.867285885188857
404.0,-0.37000297459497467,-0.6089584232793688,-0.005037848475507589
405.0,-0.0069440330640395675,-0.8635093581819755,0.7727645645311922
406.0,0.53951439476844,0.7925659348687333,-0.4203162879519977
407.0,-0.34543730932707684,-0.3217647358938669,-0.14285764886185248
408.0,0.06966897779768355,-0.5759141683034783,-0.1871451890590885
409.0,0.9732030122343385,0.052168196397575306,-0.8068716911809957
410.0,0.3322967725090946,0.8355821219622159,-0.010384305503163382
411.0,0.9185030516836026,-0.49339514536769746,0.7712373299992878
412.0,-0.7719166203278365,0.6157297911159545,-0.026869396303381476
413.0,0.19765995490883426,0.05545223326391091,-0.5791978564967122
414.0,0.8477676105624359,-0.20051133736538906,-0.02731655365303043
415.0,0.9257958806177611,-0.902136117654962,-0.41369809194247575
416.0,-0.9087405286330068,-0.8497555426904344,-0.8150031665121793
417.0,0.7693067627507109,-0.5900378261147761,0.7062320333687355
418.0,0.7337104069394889,0.7241547242232476,-0.8208930014288729
419.0,0.10456616805174845,-0.1754627431613056,0.1374453994289282
420.0,-0.28720277975708863,0.5259039633214684,0.6667004326527233
421.0,0.24711969707018477,-0.5282409037180227,0.5586897918176637
422.0,0.5215174175968011,-0.4045734856547232,0.07375925667843908
423.0,-0.9401356081571624,0.32161909936823774,0.37336759294387245
424.0,-0.8217858911595881,0.602310706081282,0.5663419050079648
425.0,0.8188079589550024,-0.9338884844809181,-0.27151585741706175
426.0,0.9915502646744696,0.5160941692732806,0.07704205184902357
427.0,0.25039538277366513,0.7854394512802287,0.5263150712235638
428.0,-0.08662248290422725,-0.3585941071742951,-0.9849478359887813
429.0,-0.8513320098858324,0.9171951906230085,0.3850145130788627
430.0,0.6777203840351684,0.7784757851704855,-0.29001096498041856
431.0,-0.02021592053864829,-0.3545483821212456,-0.2836719076720422
432.0,0.22762681901636772,0.38214238258394495,-0.0869472637646127
433.0,0.927951619875371,-0.2009610329813063,0.6924938073496161
434.0,0.7055478689515053,0.13830663419013245,0.4377875608312938
435.0,-0.06477448545095399,0.44126261016048374,0.7429544886496338
436.0,0.5936156993570554,0.28177918758514564,-0.1672045803137867
437.0,-0.19071703661072759,-0.413666381571951,-0.6171466933952288
438.0,0.504723607677926,0.6858817730513862,0.74273697083972
439.0,0.9046995691584057,-0.8210894754470441,-0.2558547221522893
440.0,-0.6228901049127777,0.48397838543163707,-0.7452998998827296
441.0,0.3272329143240964,-0.32735182594449896,-0.8884382097014651
442.0,0.7385231581804543,-0.6004508617083519,-0.2977703094770512
443.0,0.8034222931225716,0.2424288515261228,0.9285538324385285
444.0,-0.5215889031886956,-0.6786265844379789,-0.3150472313345225
445.0,0.13865621212005474,-0.38879913373160235,-0.7869622118692268
446.0,-0.9755067809711826,-0.6861652661025048,0.3933891408472969
447.0,0.9265178900102848,0.5409929156399826,0.726042796732606
448.0,0.10220164373095386,-0.9196241990664191,0.7696784029846218
449.0,0.725049871143985,-0.7003566858407331,0.29674657617740907
450.0,-0.8692466302644188,-0.2134300936496134,0.41500523928750455
451.0,-0.7696667953379257,-0.5980686099475123,0.13294537665180584
452.0,0.6723717362540875,0.5718972638845046,0.4760718013637564
453.0,0.7274352301635683,0.6663600666375662,-0.14952368832311658
454.0,-0.017287003848537763,0.20922740741851653,0.7417949335448255
455.0,0.20464953174667055,0.0017071038756055756,0.11474949970210768
456.0,-0.5705204539759232,0.05480975111418607,0.7346653968732964
457.0,-0.4952637060631433,-0.6690131258442464,-0.6941206568505023
458.0,0.2086358239589905,0.6727054964830521,-0.18195095063297506
459.0,-0.1660641202610651,-0.4301373837714282,0.46074779733421733
460.0,0.7093017043603722,0.5475291780604867,0.767320018642631
461.0,0.17749544658235727,0.24348425631631687,-0.8788199476385188
462.0,-0.5342862127881265,0.25843664459679694,-0.5602179290443632
463.0,0.9694323556328417,0.9806026253284807,-0.4497116888843762
464.0,0.23970979704381934,-0.4761287757293986,0.8528386260687932
465.0,0.8304840906101056,0.46227888509106396,0.20787773309570934
466.0,0.7212001568436408,-0.9310611632501389,0.8780522525771712
467.0,0.09361097346245684,0.05714660632345714,0.5215019255487507
468.0,0.10482187965353984,-0.069748316654618,-0.6137218486502904
469.0,0.6324776121141464,-0.38025281500141084,-0.051746987332072614
470.0,-0.01613154576335485,-0.3452516875378884,-0.6400476363035692
471.0,-0.8431417891193069,0.18419214252329064,0.13803856941940706
472.0,0.761593204613016,0.6421820604617021,0.007496798109935643
473.0,0.133929379698553,0.08846420323942716,0.20048139375781737
474.0,-0.39836030405266043,0.43705492456180695,-0.472678803401126
475.0,-0.5027743129111146,-0.8600565089836298,-0.6657606097555182
476.0,-0.3765036221500082,0.4202435360263741,-0.5587089447621143
477.0,0.21245326046909097,0.4880730481497364,0.022862500113610462
478.0,0.9048702614448343,-0.6710625170153175,-0.39393810428143694
479.0,-0.307023405735283,0.8374287308282646,0.42064042766283705
480.0,-0.6414353257599923,-0.9014159612491273,0.7211158479054856
481.0,-0.9230219593142281,0.525261523714025,-0.13172092165032434
482.0,0.8124281062310978,0.5259236266182163,0.4970978224679541
483.0,-0.5954646949398299,-0.08442946933329276,0.11399224670090113
484.0,-0.6450056982920764,-0.5033757013404923,0.5334307258865163
485.0,0.0724348399450847,0.14741823879106097,0.9212966161569585
486.0,-0.3895233118571251,0.31261084960989294,0.18787563622206638
487.0,-0.6794789094033211,0.17863944411301125,0.7794474654765797
488.0,0.15328990680228416,-0.514032411169324,-0.2812554792058548
489.0,0.8681068535492031,0.5655319598328765,-0.20682814767231328
490.0,0.8798891663990009,0.44770262331129573,-0.12143590817407568
491.0,-0.2719070449277783,0.9268052818417909,-0.8298501582214957
492.0,0.6855390630860798,-0.3637465474492001,-0.652540054875218
493.0,0.32064949580702073,0.37631303890446977,-0.7241582324253546
494.0,0.5345446357521879,0.3426542434436546,0.06838474885010126
495.0,-0.5916513717847651,-0.5548188702709214,-0.46483461491399614
496.0,0.4062728970899092,-0.021367932875229867,0.040361401157748444
497.0,-0.3585237179971972,0.15014267182981111,-0.5087994359458177
498.0,-0.0419366118213742,-0.8954715195267309,-0.36017725225574426
499.0,0.15057780813421107,-0.4403320144287517,-0.5508461985986814
500.0,-0.9925451529762177,-0.2896641590651303,0.09166230099331019
501.0,-0.33903056222795636,0.5414314740186879,0.5251074610174837
502.0,0.6759360594292048,-0.28646816141564657,-0.1837831715763536
503.0,0.1497939023002106,-0.751663856794897,-0.5877883295629565
504.0,-0.16712185330827434,0.31131105086700117,-0.2677256540376305
505.0,0.021489083073843895,-0.06189577073219987,-0.24090016145002635
506.0,-0.27406501360654145,0.2678869561948094,0.3785725012067278
507.0,-0.7384205363622895,-0.6258343959629857,0.9781487231108135
508.0,0.5941149052282231,-0.4352574861714933,-0.16814201419970543
509.0,0.9151616437663432,0.5369248921935139,0.7022201334184215
510.0,0.6820094010640465,-0.1442147509345495,-0.41830692401035074
511.0,-0.08981132713005713,-0.09012677213012776,0.6874220896951044
512.0,0.33129129291240433,-0.42005893906605873,0.30979366827357646
513.0,0.35575655615972734,0.619386310703214,0.43051160280408807
514.0,-0.9929999042946582,0.5212682824454204,-0.5854935611110172
515.0,0.36183590669733023,0.08837299792922382,-0.8229996376354167
516.0,-0.73282908393723,-0.6205248206850391,0.15075214390543512
517.0,-0.8514440322298265,-0.8570584469227329,-0.6732122974865924
518.0,0.8243315225615553,0.6704453022183667,0.15435381229548728
519.0,0.3387774641729524,0.3285092946223387,0.9813543165209877
520.0,0.5756257792976585,0.4635932902819797,-0.9979978928851148
521.0,-0.8072956751129037,-0.8423140799086264,0.5769124610310472
522.0,-0.6394887488510768,0.843248080370192,-0.14957588475835149
523.0,0.04132982395183871,-0.7894189973809358,0.23660149318457813
524.0,0.38693897998772764,0.06575641710079205,0.8119795083947599
525.0,0.3832674437931973,0.6978301522614128,-0.2931649628280337
526.0,-0.9501605229946466,0.29261076404577446,0.9212900179499413
527.0,-0.5929793622797164,-0.07246740311202271,-0.7684082337496874
528.0,-0.8359704049431265,-0.43893849240567473,0.8172625363000607
529.0,-0.4455991353786377,-0.6281441704332107,0.4117108317263025
530.0,0.34562422273842763,-0.6612029364596974,0.15806184370026877
531.0,0.3513275189785474,-0.4595699937647608,0.6543282932403025
532.0,-0.6681868101300017,-0.27656825696622245,0.5640945649855782
533.0,-0.342105900603521,0.7987787353799374,0.8619432718948166
534.0,0.34412715735047894,-0.983169261546597,0.3806179765916564
535.0,-0.21128627741295314,-0.5116719872813347,0.5749240883319815
536.0,0.7440257533962746,0.8970697027497772,0.03254036656946768
537.0,-0.3400558326023082,0.9787519841955985,-0.2318789168663915
538.0,0.5521576913096375,0.9302645250675017,0.439220588171237
539.0,-0.30382538635208833,0.7767755736272008,-0.7697559312690643
540.0,-0.504668052127597,-0.07772415466835891,-0.42528720316111346
541.0,-0.13912262562802513,-0.31345017610826553,0.15379407067428041
542.0,-0.7839561385393858,-0.9233741548043248,0.6225962048346072
543.0,-0.09399794557701502,-0.8270707661172418,0.6624649802261804
544.0,-0.415801772332534,-0.3477058252505516,0.9469308500622853
545.0,-0.9312528802581528,0.4445908950348376,0.34851465479204724
546.0,-0.6515546435600805,-0.6709520875132065,-0.6702073437950666
547.0,-0.6815774286900158,0.08395318505079641,0.06737464632251378
548.0,-0.5425304200840897,-0.49925143539512407,-0.4777013181625178
549.0,-0.7909826261189232,0.9506769621406872,0.7618600084899172
550.0,-0.5649632703785834,0.31284663629784926,0.25586077249211026
551.0,-0.0639072856777747,-0.17459113204153476,-0.6842564388660419
552.0,0.0760808320256594,-0.8363682704800375,-0.22881026976790886
553.0,0.6097921172126981,-0.043555450401190576,0.6614205135070101
554.0,-0.29254720919287225,-0.7202298345410423,-0.24015881111163329
555.0,-0.8177286724118891,-0.12497129116878414,-0.5812963017342039
556.0,-0.5789805923528957,-0.0960131679768943,-0.6911844613059335
557.0,-0.9685872912120967,0.4354650069561339,-0.8229424799513709
558.0,-0.13002542862570232,-0.26811939593547596,-0.651789568479781
559.0,-0.25449543029916066,-0.11578473285090873,0.39147613821972227
560.0,0.9822606692979647,-0.5531067623458341,-0.9840793752707444
561.0,0.9477257171097564,-0.5144907950530913,0.02495098688026509
562.0,0.29219355066977415,0.02877432710215011,0.4016285365304353
563.0,-0.14560811559748976,0.0900239861620622,0.2685398085901807
564.0,0.4917516397959225,0.6638423765014216,0.25728011843499154
565.0,-0.30716072668072525,0.01936492386849875,0.5214817838383499
566.0,0.7115205410219856,-0.4248900505176847,-0.3209710046417382
567.0,-0.5314731068590905,-0.30075158945817715,0.949766233915381
568.0,-0.05410781761961414,-0.754909052534255,0.6113629443549511
569.0,0.06536313306382624,-0.6407146727457891,0.4459805263052432
570.0,0.8066091345921913,0.5268812078028333,0.8756780109715341
571.0,0.5101529425168174,0.8561535159760472,0.47248086667561395
572.0,0.378985992965684,0.3116617952686245,-0.015352555175749627
573.0,-0.6376213603980945,0.5363842489634814,0.9356047567978469
574.0,0.8319395573660979,0.19570795200481772,-0.6237858032497046
575.0,0.3560145080101391,0.880591734768347,-0.7335921437322479
576.0,-0.11535112625206478,-0.7031873705800498,-0.10033300229746267
577.0,0.8235332928712262,-0.31280375647327285,0.46011735902954687
578.0,0.34387955665330705,-0.45792267211652304,-0.18528182261287962
579.0,0.9716727721676055,-0.6749178499939805,0.6682682491769669
580.0,-0.21164967026080328,-0.09546977983139038,0.12050377204825735
581.0,0.23359222707972238,0.743546288136888,0.7879666554970401
582.0,0.4116813223285414,0.28477361206627894,-0.9553920567389833
583.0,0.5463369432051373,0.39120680021911336,0.23863058264787962
584.0,-0.08827788434070838,-0.2184360693254781,0.9498642718454513
585.0,-0.04550397683072949,-0.7428615754522092,0.38130251334883636
586.0,0.2721591124330853,0.35652699213225625,-0.11752458845352565
587.0,-0.37342484317782665,-0.5341352708409433,-0.1463027410044908
588.0,0.2009010317153137,0.9972506732118576,-0.9592583594004276
589.0,-0.7055782610750525,0.39030743163545645,-0.6954737911182272
590.0,0.09637938772433796,-0.4143768595845836,0.6856536190783875
591.0,-0.2618649024217212,-0.8424842151124121,0.9691963774540895
592.0,0.0009016424193248884,-0.1423921498668237,0.6871531442116332
593.0,-0.37411866942308136,0.6541239967785715,-0.20342137065546306
594.0,-0.2872938564870722,0.5008321307392833,-0.5959912950138462
595.0,-0.7500664845476852,-0.09471487206702767,0.2958131908742141
596.0,0.7476775147566093,0.6918157503837463,-0.2396183374646348
597.0,0.6837645775689625,-0.8505687832681497,0.3481948027550852
598.0,0.28047963865670056,0.1360564369195234,0.015737337146497943
599.0,0.0853796083173517,-0.35824311554618005,-0.8546096492180555
600.0,0.6668988010714356,-0.7932865334196346,0.09841038906712218
601.0,-0.6447794167454457,0.3417924633285463,-0.9105851169923325
602.0,0.7821203419653415,0.7100094645366835,0.2290960867672185
603.0,-0.5595443916650138,0.8932749584285797,-0.716166151335192
604.0,-0.8614665986976735,-0.08931032725402277,-0.14581737980438714
605.0,-0.20909253810023887,-0.8476722736826543,-0.050250839100309364
606.0,0.12228814738879978,0.0145270769469934,0.03536167042147764
607.0,0.7814417521158137,-0.2844014651654494,0.6615221483643472
608.0,-0.9009139795564356,0.914439930992053,-0.8232281816834082
609.0,0.7431871416207796,0.6174863139318612,-0.8810405834827744
610.0,0.7289350429993511,-0.050097712055190646,0.3337272658646926
611.0,0.6811794620105298,0.4906646340754006,0.41253694339320246
612.0,-0.27272405499711927,-0.39704059080232357,0.24568007841697703
613.0,0.9788144070113378,-0.13524683770169021,-0.2862544066590855
614.0,0.8192074567958452,-0.8298089825815074,-0.620641719082363
615.0,-0.8988002677889353,-0.005588675342510063,0.3204506750515046
616.0,-0.9031546665814929,-0.22754479475500755,-0.3844446256987688
617.0,-0.4318691686368663,0.2911260074737603,0.31304955910820653
618.0,-0.6536967007345202,-0.5957446885134465,-0.3108027149198622
619.0,0.29234242476043315,0.28984106574814783,0.8865384759209158
620.0,-0.28975754055773906,0.47198959530997975,-0.08331799087562874
621.0,0.8458044984886768,0.01524585296894565,0.4485412621144298
622.0,-0.5270894740490955,0.7393858195749414,0.6651274334565029
623.0,0.2488051601153669,-0.6329675425100445,-0.2318183467528645
624.0,0.17461391159351458,-0.19145948776876032,-0.8088251727857063
625.0,-0.7969183590390065,-0.45755839003367504,0.010967955338315516
626.0,0.5553749766199163,-0.07991789081554956,-0.46796736937866523
627.0,-0.49109681680242634,0.6058917309310876,-0.2620660669047383
628.0,-0.6833465878539904,-0.7821775690067347,0.36754055960197274
629.0,-0.7757834899532272,0.37797395388239563,0.8894344593718273
630.0,0.5858648459141997,0.8511330397930699,-0.21898301414373433
631.0,-0.44239023813661604,0.38973438387153436,-0.21472014864426492
632.0,0.0485266861032434,-0.13394256071821586,0.48932186245894393
633.0,0.7002127601778081,-0.28232185418641054,0.37781390944902316
634.0,-0.9700541988556988,-0.9742779611879537,0.11417103883759672
635.0,-0.4079083485932544,-0.9000297888461439,-0.0008881945285992288
636.0,-0.24888748033076435,-0.6041195875415049,0.3662542796076873
637.0,-0.9530104776513086,0.004992097167940246,0.9452033231000283
638.0,-0.22266951237508925,-0.5559742154103207,0.6786645327592999
639.0,-0.3931092912838672,-0.2733680039083195,-0.7777037619839253
640.0,0.3520848394243419,0.4051504122647509,-0.038410022884995065
641.0,0.6850428676790421,-0.014269263550278133,0.10030370616633166
642.0,0.457630128731509,0.4389610185913866,-0.1844058006081215
643.0,0.8251587973563106,0.18016445858577668,0.23123796191418822
644.0,0.8369778483049681,0.8290605669336084,0.3135506815661444
645.0,-0.6584409009698864,-0.8662635454249783,0.16466014263341822
646.0,0.34615069335379567,-0.817631896853581,-0.10165954461239157
647.0,0.45312073811540254,-0.37994659384190377,-0.7032421011714161
648.0,-0.41682028805286886,0.8426777996268409,-0.7419025770323966
649.0,-0.5953500342825535,0.3338876500767143,-0.41308824051213877
650.0,-0.8936364728207222,0.6778421215700225,0.8428122438718026
651.0,-0.9019097518386092,0.14554563613962967,0.09444203107019278
652.0,0.7214869948022382,-0.9890244714750642,-0.9325426834397188
653.0,-0.5813240801137156,-0.3510550304012907,0.08625106770696256
654.0,-0.10556200780181202,-0.8068989693217319,-0.961107944900051
655.0,-0.10225672749822223,0.9538241975992205,-0.5284326538956032
656.0,-0.8763923920101173,0.032641889257836176,0.9295135277180759
657.0,0.13605127892445412,-0.03749734549400641,0.46227271536100933
658.0,0.8848619893142069,-0.3799794538894552,0.7040089753452923
659.0,0.13617305116945477,-0.430371539087929,0.6523327247493647
660.0,-0.8009803190945366,0.5938050767315688,0.559247188816214
661.0,-0.1900508172826143,-0.9660349483402875,-0.49092858182008325
662.0,0.5565647720632869,-0.4285156017085956,0.24532563829820564
663.0,0.568809311564537,-0.5999177262551871,-0.9128096007432456
664.0,-0.45538792096326475,0.7074975169048685,0.5926959901779092
665.0,0.2797359547671878,0.12798570010378651,0.9609238555587103
666.0,-0.6798427403379799,-0.7307687517766375,-0.08534462299617207
667.0,-0.7026463599556347,0.1893873260397163,-0.2152429822516102
668.0,0.990339722439876,0.44613902877498,0.9700430345669504
669.0,-0.3766809833052087,-0.22366352067201123,-0.2121869416210762
670.0,-0.17602747380619066,0.6131149553930986,-0.6832634141980882
671.0,0.5477157946917082,-0.04839483688826207,0.4392051102067558
672.0,0.03981683291170768,0.4242516264810601,0.5241801208865615
673.0,-0.7120372450998678,-0.07713410277649069,-0.2923820429207771
674.0,0.5937168266945949,0.5694883370221673,-0.8112404624509841
675.0,-0.8810310036551268,0.15600452814986387,-0.47595446450757994
676.0,-0.8836816830255483,0.4766709664847597,-0.118673874533616
677.0,-0.7088916150061031,-0.6617538024190264,0.9579171887031495
678.0,0.2782819080110095,-0.39217240573024337,-0.5408027317311825
679.0,0.9129478209254296,-0.5133162680110022,0.0032856551209974327
680.0,-0.9002535729501513,-0.5325403600625043,-0.7182453192680058
681.0,0.7366318119294366,-0.5672858097206448,-0.2564576599249273
682.0,0.1682624275325113,-0.4967943515979467,-0.682603597463445
683.0,0.30788211828224665,-0.24329518939021333,-0.5259503369943601
684.0,-0.9590205882997227,0.6676720301991692,-0.5678481883369697
685.0,0.5236382320447728,0.6777611116761404,0.2036383041141332
686.0,-0.6145463749431197,0.5518289927176536,0.7237310115679307
687.0,-0.08179129809687402,0.998404720121657,-0.03978843865499515
688.0,-0.7869637831696894,-0.26466746289395005,0.900093982150894
689.0,0.41324443579508396,-0.034800237492087494,0.08011413715063465
690.0,0.3153983898585424,0.08246041774126489,-0.003731527179855254
691.0,0.41232882980128527,0.23574881722684315,0.5215786279403531
692.0,-0.6219303150225761,-0.10384075894895495,-0.7980209233073428
693.0,0.24956199809645074,-0.27538566452730917,0.7853332106222246
694.0,-0.08081624720051606,0.38992158018772094,0.22679420443062348
695.0,0.17826716666707254,-0.5519780022838816,0.6075915797176721
696.0,-0.3426257783648292,0.4670029719255071,0.9261433669780885
697.0,0.6897374780314429,0.32678655087707376,0.28746621715217646
698.0,0.21452926440299835,-0.0782865854475967,-0.9566576795438733
699.0,-0.3714495253897876,0.12154319811944214,-0.7662582813451744
700.0,0.04078063865828896,-0.14135627498231762,-0.46232255455999893
701.0,0.26164441371387936,0.44650588102741184,-0.36441447875721544
702.0,-0.6431546709401215,-0.9524667498907664,0.9345233420893462
703.0,-0.13875433715438557,0.27963050057534455,-0.4598321539474164
704.0,-0.012703323265245814,0.10558008510255767,0.4527018238347409
705.0,0.15648246815928024,-0.5049084683983491,0.4766363613230773
706.0,0.8920561332749168,0.76353469392482,-0.6976771655279594
707.0,-0.7203995597876753,0.4944640485864782,0.04099422288491161
708.0,-0.23530017009454696,-0.028966789146608996,0.9417765536427762
709.0,-0.5303868702392049,0.1796501427861732,-0.9273443883059307
710.0,-0.5355732194683727,0.49728535132658935,0.18750380012613
711.0,-0.3032745683553342,0.012164288163051706,0.8731516298503847
712.0,0.22986784957077688,-0.001691735159217167,-0.2223632181928692
713.0,0.488563060563733,-0.6744279975029772,0.6984171966862152
714.0,0.9476902423560134,0.8802790882800311,0.3501117796846127
715.0,0.08294247180117242,-0.5379380205376265,0.8696870113132145
716.0,0.6182859045177886,0.8333831946362984,-0.9935431613200405
717.0,0.6936635132430438,0.15543457288590523,-0.19198688813541298
718.0,0.33104919901092744,0.444373087233249,-0.6538933188954668
719.0,0.019058333136133587,-0.36674954481157274,0.4804650316518466
720.0,-0.7285108693673752,0.08689017634575014,-0.9672251846966546
721.0,-0.20553564653475442,0.17788021839704848,-0.2509734965102186
722.0,-0.5613039256742802,-0.7495591209250803,0.6460554300861652
723.0,0.9840468506706983,0.1597635453953543,-0.5539685652253465
724.0,0.901008265543074,0.4821336447485689,-0.894716905794003
725.0,-0.8984820134494258,-0.22097115203676987,-0.6009600805843747
726.0,-0.0332798694283476,-0.8933240407145648,0.8670279692856073
727.0,0.550698586139589,-0.979742173638475,-0.08296200948374644
728.0,-0.675731020670846,-0.5497739402456934,-0.05645622432319253
729.0,-0.39332745141632164,0.7188188441275809,0.9830205741765186
730.0,0.29654751862342144,-0.6768088629793694,0.8571368952177958
731.0,0.2542570056031206,0.3319504839575558,-0.8072268209853961
732.0,0.35331412880550883,0.6978799285106245,0.932221155206375
733.0,-0.5441883285543929,0.29095967668506817,-0.7281005890691175
734.0,-0.6174601321049538,0.6027380642975515,0.7770790725336256
735.0,0.11711799855350113,-0.4262936163784403,0.5343622408325837
736.0,0.20937197970455346,-0.4917735038786648,0.9490037963696949
737.0,0.4393919205342576,0.6028064159140947,0.49857604977212944
738.0,0.4271890475982374,0.794688199421564,0.7038560234035636
739.0,-0.8942008238647006,-0.1411258199954275,-0.9132247908001401
740.0,0.9904351152429152,0.7923486105234592,0.5662014578272498
741.0,-0.580146934513099,0.1048690151724776,0.08710054573148929
742.0,-0.734687260315857,-0.995669156836283,0.46004157041362004
743.0,0.6155145624583593,0.566583956806175,0.5627350203456873
744.0,-0.9263857213126809,0.18422831503708204,0.9303767480144056
745.0,0.5547219959148539,0.7332337514650593,-0.9113717466373477
746.0,0.306440178350494,-0.9105034764569078,-0.8712951378225591
747.0,-0.9413549642497556,-0.7560487766240751,-0.8097422499949642
748.0,-0.2869618847083435,-0.981919454795491,0.4016445384206775
749.0,-0.26766809042950945,-0.859115230610483,-0.2638142041570748
750.0,0.5601080487117869,0.4780253999066191,-0.1315514981636703
751.0,0.05357491041512352,-0.48957455449735776,0.6406151246478085
752.0,-0.8653651046827244,-0.16276390299932952,-0.6899521113178608
753.0,0.629032108137048,0.5134208739166801,-0.27168358410825455
754.0,0.17112560848054525,0.034306756162460816,0.30516639546674207
755.0,-0.14424010213309613,0.38991866089727245,0.3241450861371711
756.0,-0.9340556263396935,-0.7919414351981362,0.04662252221730667
757.0,0.39835810975229635,-0.6217394689735674,-0.4378226912195342
758.0,-0.9050576747052221,0.7832509415808864,-0.5396734064137121
759.0,-0.6169721559360373,0.6042721892272016,0.13635214391184158
760.0,-0.11541443034818455,0.8678258249595991,-0.9349556074913024
761.0,0.18792795472103418,0.03625666672642547,-0.658778472094883
762.0,-0.4166920738439457,0.38400055419448975,-0.008157154748073658
763.0,-0.9599017140093202,0.4578197097498862,-0.025559521651961514
764.0,-0.45251178645137613,0.848275109477465,0.0751021344387588
765.0,-0.9358081236447688,0.6518569605262055,0.52590146370934
766.0,-0.09812376092052655,0.011070291111258568,-0.7865997919648358
767.0,-0.1991395492614012,0.15495756492512647,-0.29653256173983356
768.0,-0.11675266328219469,0.5586083480135975,-0.1707071434443337
769.0,0.4142244932304546,0.037390569612545166,-0.7123125116473832
770.0,0.3877214928996342,0.20784557887357935,0.5895548197365414
771.0,0.6217610605678496,-0.9508107066653169,-0.3765263789384048
772.0,-0.7613035330749856,-0.3126184496315536,0.5145789082545
773.0,-0.6003436873276218,0.008957056415277664,-0.15764535583804373
774.0,-0.43322926505338066,-0.11677588667316163,-0.1958169717461793
775.0,0.40913650106249544,0.07127212655090198,-0.2480365873701953
776.0,0.2083342053595012,0.19449247882919574,-0.4847538784833143
777.0,0.28230628017813575,-0.666160728037184,0.5256739102650676
778.0,0.48063243613770146,-0.6109963221193309,0.6090023834445284
779.0,-0.7624726336950083,-0.6996623459412592,-0.23753051256163893
780.0,0.055133044431153744,0.9944482792931675,0.6649202345995984
781.0,-0.4683083701069892,-0.5730759003573807,0.929598465664814
782.0,0.9795377693600307,-0.8286847501538963,-0.03665006605190646
783.0,0.048022429806142686,0.7689129505463834,-0.4364778810319272
784.0,0.4771140123766484,-0.07900723203788429,-0.2664811101991593
785.0,-0.05937559021702943,-0.43404076175860107,0.42258887722455296
786.0,0.01732379437064835,0.637816388014049,0.625246090224878
787.0,0.33401634171826533,-0.67149373074719,0.5118321555840557
788.0,0.6069726036206888,-0.405482017254688,0.3585549249661202
789.0,0.0775410169864561,-0.49994593611092797,0.35252758148345764
790.0,0.5496287976421448,0.9346100565493964,-0.39264721337107233
791.0,0.5548779543419353,0.5316276716113406,-0.042295998846725524
792.0,-0.5779584577328454,-0.8087746265900888,0.8927766649912503
793.0,0.5180712616929923,-0.31366634986126574,0.40905041308476764
794.0,-0.06526229159285468,-0.9909937012497998,0.8392770961055902
795.0,-0.08913131738786673,-0.09780281399181034,-0.6032826373433657
796.0,0.2455387310478876,-0.15699133493499673,-0.592295180073948
797.0,0.41499730326841977,0.3984759848414472,-0.9000552230828485
798.0,-0.31170589615973987,-0.6845612813855015,-0.5439583888218471
799.0,0.2122242110653445,-0.5192825078816319,0.4406851271569383
800.0,0.11934955613007592,0.3366694654708451,0.033271866997622856
801.0,-0.12117277802050141,-0.6940009588883496,-0.8505316634363429
802.0,0.21489599801897774,-0.04549241246804736,0.402091311982941
803.0,0.9125099654284086,0.004461199686153883,0.299534609457611
804.0,-0.6145551283298556,0.6468492061167013,-0.6105235975484369
805.0,-0.0271736955369557,-0.7761806953655834,0.4123115722751949
806.0,-0.25236214645552035,-0.15659619875610153,0.9490052635907376
807.0,-0.29299185976316955,-0.6165964478383821,0.006891630384025849
808.0,0.89185625772333,-0.02899669177636577,0.5155733141082885
809.0,0.8208805786989233,0.15461197266948323,0.731294702817118
810.0,0.1666238903020274,0.3635875496540908,0.31853539165487765
811.0,0.09645576956081725,0.33219278701623245,0.43606411202943973
812.0,-0.8447867153612749,-0.722900641372535,0.009388705206410775
813.0,-0.42569907269840845,0.9798980985237327,0.8570850660422262
814.0,0.44149857107543444,0.7498801384822218,-0.15573702410044388
815.0,0.9274687917657127,-0.3978633635034625,-0.079197131436475
816.0,-0.18542212564738514,0.16251411501116708,0.6551704415723671
817.0,-0.7081828256049929,0.377467772837629,-0.7946108698154657
818.0,0.8625565161715982,0.15839648013242424,-0.7395744219868894
819.0,-0.1789404191490025,0.9987373415379222,0.25857893824037714
820.0,-0.28588820314789576,-0.7158391526617283,0.08516738960431303
821.0,0.7201026574396854,0.9392935358087449,-0.8472853571137426
822.0,0.4066870070350357,0.9607460028984172,0.481050626660795
823.0,-0.8223356379846367,-0.5646517109589904,0.7249059211387794
824.0,0.7875179198847904,-0.024739108258929443,0.5353103981060474
825.0,-0.12764164736068806,-0.17850403172255724,-0.13775585660353462
826.0,-0.12734402641462728,0.5968339896231483,-0.6515156200747281
827.0,-0.2852648790284551,0.45579505172292345,-0.15800832073444937
828.0,-0.9550688183736984,0.36764434312386185,-0.17674548692615355
829.0,0.21291318297347184,-0.9766829632220126,0.8808121462870946
830.0,-0.5255420459031102,-0.6901092936428059,0.10958399310424083
831.0,-0.9376523537369288,0.65903205135228,0.07191751459800155
832.0,-0.7147089328634844,-0.21687764895717465,-0.7178437352664053
833.0,-0.8160665994184442,0.6806336150535226,0.7847758188509395
834.0,0.9129744390486811,-0.19757665717903716,-0.7165486438893967
835.0,-0.366027812498706,0.7344618366838851,-0.4950706397119746
836.0,-0.039454541921054576,0.6493338741710988,0.48387198030611844
837.0,0.11158264939132811,-0.40051864690304884,-0.17367639622024256
838.0,-0.033030558672560995,-0.21011441462119396,-0.6159811685543435
839.0,-0.6523207290210353,0.09694067756484182,-0.17836705265028674
840.0,0.4963300480968178,0.7101185374533263,-0.9861893305778533
841.0,-0.6286222930604781,0.5749960591236474,0.9386223302255112
842.0,-0.5906876227698024,-0.8159741488469578,-0.6961009013832526
843.0,0.745127472288325,0.2408057104006993,0.1539173899934141
844.0,-0.5871773342897453,-0.30682061353116397,-0.11584216698827521
845.0,-0.07123818702815088,-0.5355694869626397,-0.9344376922368549
846.0,0.29345709960136346,0.38621592799673476,-0.6544076113735431
847.0,-0.15183239815324878,-0.396019813737837,-0.2488824811897128
848.0,0.46735463447128733,0.2134291694941597,0.41620118556597374
849.0,0.6276203342673081,0.3454593945188438,0.6700554339976872
850.0,-0.6560514498103052,-0.11861012758752043,-0.6290358114286172
851.0,-0.4151938484304283,-0.31895314250860274,0.3071026378541424
852.0,-0.2339336152908673,0.8534207175472606,-0.4982248156184266
853.0,0.24184693344249908,-0.5935973678606139,0.2569025102514797
854.0,0.4931500066471144,0.08634774676027557,0.253297400810196
855.0,0.24950104713048882,-0.012005879990584445,0.7933946629675055
856.0,0.2854515972179794,-0.1971227043177448,0.8855028705513928
857.0,0.26242062776659814,-0.17570185148337392,0.7062520229365601
858.0,0.18180608651943864,0.3133999263923346,-0.8984844602653597
859.0,0.5839358382075774,-0.5476530839454845,-0.45197690277530866
860.0,0.6894252612615224,0.9730778860847662,0.3570805508786363
861.0,-0.8387541360456279,0.2732455569942198,0.8783595042180203
862.0,0.530747028656471,0.28353903315670403,-0.01899795173697294
863.0,-0.45486069061116896,0.8274365772644547,-0.13772815228584268
864.0,-0.10797819852672608,0.7067681822986582,0.6489570313047246
865.0,0.5418303057793175,0.8530236874815447,0.6459118773866388
866.0,0.3494032969400138,-0.41247557319031847,-0.16348741527877642
867.0,-0.5234552931233178,-0.04209950086685854,-0.7549291128358044
868.0,-0.13092994655484325,-0.804978592732001,0.18682775890886139
869.0,0.9679297011271597,-0.9012841325983474,-0.11104366781998043
870.0,-0.2388135180999813,-0.9630679709930405,0.12956426089161566
871.0,-0.6399286708545027,-0.054895058599916835,0.10180631623169356
872.0,0.8634528458681534,0.842720359452847,-0.19901826063341277
873.0,0.17885364275431548,0.5692435138814191,0.5318635147691655
874.0,-0.8552382575576984,-0.7453362690657335,0.1101155772428919
875.0,-0.17831264512259604,-0.5531597170447216,-0.9221894913283428
876.0,-0.8568536515084757,0.2296994797820049,-0.5054363763299095
877.0,0.39816863567668537,0.6443175542557271,0.35803359086684794
878.0,-0.7404897238690358,0.9357702364419531,0.25406895561176635
879.0,-0.5936577347362313,-0.4400719999060143,-0.8701790134601879
880.0,0.849620812887707,-0.680379321127764,-0.95166194508845
881.0,0.022870569812952768,-0.9539560539905745,0.8996054044129893
882.0,-0.8745335094874629,-0.44216174958720234,-0.2971368311239555
883.0,0.46602836683826454,-0.521536245671925,0.17696187290192023
884.0,-0.16927708766598237,-0.08650433298963023,-0.29773957882151536
885.0,-0.5357887431843948,0.5408125831302346,-0.6390381813470196
886.0,-0.4975157072176679,0.9872718847908051,0.8362542801969974
887.0,0.8387523807372248,-0.08148414015342098,0.7102888727135757
888.0,-0.4297553543056256,-0.39772860566775736,0.1926004243251236
889.0,-0.8116915831162579,-0.1537771437053952,-0.6686550396328328
890.0,0.6662831293334242,0.15619443621726914,-0.513869744134414
891.0,-0.012285688574765086,0.27583609691930544,0.8285247677915237
892.0,0.8958211289206388,0.7970299404107151,0.37332201360178385
893.0,-0.6202990525555021,-0.5027916000967252,-0.18563535505954665
894.0,-0.1930011833810017,0.5929184481339504,0.1522105219358001
895.0,0.15514540311850067,-0.16538256592711575,0.7023251578432259
896.0,-0.6862900346401537,0.29218448047125545,0.4927521537235249
897.0,0.6402040110925866,-0.13183702145069587,0.6589933376294157
898.0,0.7922641298965654,-0.9794971394729313,-0.7164716706928882
899.0,-0.5762134983638643,-0.15721541750489654,-0.9175059496849916
900.0,0.6763882383784903,0.40059218990914647,0.02023165644291547
901.0,-0.6094111789916126,-0.9718939109069062,0.7269964744433199
902.0,0.473365464126303,-0.352536764272811,-0.14183204070599364
903.0,-0.2661599216606385,-0.808286429878585,-0.44979912701090297
904.0,-0.4043207069841519,0.0798782085693508,-0.8341638399264515
905.0,-0.6486805723192068,-0.5896836377453654,-0.6573591860079255
906.0,-0.8588766994945616,-0.6522311970151891,0.21041797065135026
907.0,0.3797455446299858,0.4977521255219217,-0.7523270516555833
908.0,0.5906663194379689,0.7964463777078585,0.7123538683401198
909.0,0.3850190470830932,0.6529526842529947,-0.9801899025954881
910.0,-0.8701872434583664,-0.08514681933129897,0.3311842018146711
911.0,-0.9566477918243417,0.040287693308373784,-0.8756919024882077
912.0,-0.5212698805402414,-0.18391693165325274,-0.6639765881673012
913.0,-0.7276283578401848,0.9104722561799661,-0.12903346450094344
914.0,-0.866896821620021,0.5368677570920217,0.036508236902299096
915.0,-0.3910364186589903,0.4602787744672312,-0.2881409892484228
916.0,0.03148811619465719,0.6174049391100485,-0.6042451150176855
917.0,-0.8523580543333651,0.6064668065960201,-0.19825480219973035
918.0,0.8186683015824416,0.7754748112692429,-0.26342210807739197
919.0,0.6562825679333975,-0.5314901647846675,-0.013349034333649978
920.0,-0.49123549424786295,0.005761564215388981,-0.3518007252894386
921.0,-0.3053673437250968,-0.29938124800752175,0.26506733052207654
922.0,0.34676868738787525,-0.4039979520799606,0.7747891279908661
923.0,0.6741840006340141,0.40428352626550534,0.466521637264367
924.0,0.6362890895566693,0.7312973471904729,0.4642243813699862
925.0,-0.5010403137769517,-0.8023174691020072,0.6730743971188897
926.0,0.2572255318995049,0.18444691962106896,0.6341086144034618
927.0,-0.7551638497854511,-0.8741557602282488,0.7198675029621171
928.0,-0.7233886286490663,-0.5677248189212658,-0.7538101729957158
929.0,-0.6186864375594434,0.6238621655812455,-0.005557819014376797
930.0,-0.6950296429436331,-0.4442178304037143,-0.534589217353671
931.0,-0.799825825313043,-0.38534827849591835,-0.3758063135623726
932.0,0.5318671874813634,0.32829484051689506,0.17054207318557224
933.0,-0.9297143223795445,-0.4752299703339986,-0.42939547348444274
934.0,0.6525526582801404,0.520276705840806,0.20467239602963572
935.0,-0.5034358460942607,0.9011398752939341,0.554485655131737
936.0,0.7401155932645787,0.016193042144055703,0.19016556569041843
937.0,-0.2783025597954245,0.9089049050772384,-0.17748377215449374
938.0,0.22296159754542133,0.24628187925409772,-0.9435398255347565
939.0,0.4566257330334418,-0.24692198702634327,-0.8214172516283713
940.0,-0.9280205232475716,-0.24794051131011208,0.7804010022759182
941.0,-0.5111364751799921,-0.26722939184213423,-0.07635308010786956
942.0,0.17203799830978772,0.40122624596219403,0.2872440206609652
943.0,0.279474517438399,-0.8503255779408314,-0.5296780178107516
944.0,-0.36024097393560006,0.5038920536859468,0.8763779058139238
945.0,-0.9020821200787754,0.5637354308367042,0.09278786423378649
946.0,-0.22648012315714317,-0.5301260488115969,-0.49759227947830365
947.0,-0.5940672704122867,0.16578672000991945,-0.5490492972562919
948.0,-0.442509831623938,-0.9939694619727857,-0.5396760299327261
949.0,0.8009852989931612,0.6619983315771107,-0.519311027910512
950.0,0.5503392983035282,0.21514654290581414,0.2869554358674795
951.0,-0.9771506709114963,0.5003640042130808,0.3234022482057146
952.0,0.5635729439023716,-0.8394245502750397,-0.8364234426682611
953.0,0.3194768254431162,0.8398138033638705,-0.7600860893247607
954.0,0.8444213378962813,0.6950462121473662,-0.39552587080262547
955.0,-0.4567913521361535,-0.046463763953903614,-0.705481283497227
956.0,-0.4691141979065574,-0.766282194816827,-0.5176523779107927
957.0,0.8986984052839653,0.2085055365975188,-0.6050126874710304
958.0,-0.5922151334084418,-0.9601858513799433,-0.48747180716377847
959.0,0.26206553613080685,-0.01706871085182482,-0.10139130555600673
960.0,-0.30554016734160894,0.39970275444497627,0.5290817748947381
961.0,0.5726523245159965,0.6903789961599027,-0.08809982806148464
962.0,-0.9684822482945179,0.24177098899034188,0.5017798501365118
963.0,-0.5305146646429006,0.6109480918249084,-0.9291569598152294
964.0,-0.5079098091017513,-0.4506698747294533,0.5621571363393609
965.0,0.8566840217397229,0.8138101665510451,-0.46257977711931364
966.0,-0.10244292202162453,0.7405268124699742,-0.17814171961565917
967.0,0.6780437329859188,0.21987759895520176,0.6257873326881558
968.0,0.716092178596266,0.9591679687996888,-0.9204696344673744
969.0,0.3925151539803604,-0.47865279747172895,0.7921959144176354
970.0,-0.3534148471809091,-0.9229314836548221,-0.7386222396937441
971.0,0.878827511387976,0.34053356182705063,0.9775426746647675
972.0,-0.10457008329776896,0.2589005799525159,0.5794106183971481
973.0,0.41034080018932073,-0.972147743477533,0.09120538206462103
974.0,-0.7150216715638709,-0.7193971522792277,0.8589134431920602
975.0,0.17963669366204815,0.7976941171007348,0.18070131165058978
976.0,0.3375421637152114,-0.30089450590987066,-0.5127402352072306
977.0,-0.9389527020199318,-0.40242117928970855,0.1453055572224109
978.0,0.9125619173080377,-0.3946898054654504,-0.313688346984043
979.0,-0.4972332500194203,-0.2214855722373663,-0.7319681165386607
980.0,0.9441975688654425,-0.4739932074919879,-0.7279318433590423
981.0,-0.33685033737797765,-0.8617196389376391,0.3016220818639852
982.0,-0.4705662164183497,-0.7705359402285654,-0.41518950412997113
983.0,0.7718295088306555,0.5794022971253707,0.2221793866932158
984.0,0.8785856287684974,-0.5171069471022378,0.622471855515818
985.0,0.622822613631044,0.856973854536198,0.4065426215715571
986.0,-0.21471843926254386,0.4816447846899157,0.4082301049271897
987.0,-0.8578454565380884,0.09940546740369816,-0.7876913048176293
988.0,0.3302480851547458,0.7714202286397935,0.8301430300563788
989.0,0.5594412679483305,0.7636565483192026,0.1753442381114041
990.0,-0.1953476217862209,-0.09580434441993368,0.08645023080195635
991.0,0.05217043974085778,-0.172099514463101,-0.4512132642171338
992.0,-0.5796647788928622,-0.5293053883639214,0.6165555901392339
993.0,-0.5791291817995754,0.619986829664152,0.5154915778597009
994.0,0.3376046286634342,0.41473516341600836,0.08500944507807806
995.0,-0.7663511251068393,-0.9873842552097305,0.489566371517242
996.0,0.0036095152611343995,-0.6911933017914957,-0.2720927104379596
997.0,-0.01237345364264586,0.9169086067400793,-0.8046090771255154
998.0,-0.4016850297855894,-0.974232236879008,0.4723127345543754
999.0,0.6521919641333529,-0.4098860411326859,0.08687452043829036
